"Path","Size","Binary","Lines"
"%USERPROFILE%\Desktop\usman_ahmed\customer_data.csv","34","False","2"
"%USERPROFILE%\Desktop\usman_ahmed\customer_data.txt","32","False","2"
".env","0","False","1"
".env.example","305","False","10"
".gitignore","146","False","13"
".vscode\extensions.json","50","False","4"
".vscode\settings.json","390","False","25"
"AI_CAPABILITIES.md","9031","False","250"
"audio\access_granted.wav","37594","True",
"audio\action.wav","88908","True",
"audio\alert.wav","1588748","True",
"audio\apperance_loading.wav","152972","True",
"audio\button.wav","37608","True",
"audio\hover.wav","44116","True",
"audio\hover_button.wav","31244","True",
"audio\initialize.wav","223498","True",
"audio\loading.wav","356276","True",
"audio\mic.wav","140200","True",
"audio\trading.wav","197876","True",
"audio\websearch.wav","325704","True",
"config_bak_C.dat","21","False","1"
"dev-app-update.yml","80","False","3"
"dist\assets\index-DE3ah1Nl.js","610364","False","723"
"dist\assets\index-DZCBb95f.css","67334","False","2"
"dist\audio\access_granted.wav","37594","True",
"dist\audio\action.wav","88908","True",
"dist\audio\alert.wav","1588748","True",
"dist\audio\apperance_loading.wav","152972","True",
"dist\audio\button.wav","37608","True",
"dist\audio\hover.wav","44116","True",
"dist\audio\hover_button.wav","31244","True",
"dist\audio\initialize.wav","223498","True",
"dist\audio\loading.wav","356276","True",
"dist\audio\logo.ico","4286","True",
"dist\audio\mic.wav","140200","True",
"dist\audio\trading.wav","197876","True",
"dist\audio\websearch.wav","325704","True",
"dist\audio-processor-worklet.js","1256","False","39"
"dist\index.html","888","False","24"
"dist\logo.png","57012","True",
"dist_electron\.icon-ico\icon.ico","17526","True",
"dist_electron\builder-debug.yml","7341","False","231"
"dist_electron\builder-effective-config.yaml","881","False","42"
"dist_electron\latest.yml","347","False","9"
"dist_electron\Theta AI-Setup-1.0.6.exe","132283717","True",
"dist_electron\Theta AI-Setup-1.0.6.exe.blockmap","136835","True",
"dist_electron\win-unpacked\chrome_100_percent.pak","147398","True",
"dist_electron\win-unpacked\chrome_200_percent.pak","219772","True",
"dist_electron\win-unpacked\d3dcompiler_47.dll","4916728","True",
"dist_electron\win-unpacked\ffmpeg.dll","2976768","True",
"dist_electron\win-unpacked\icudtl.dat","10464144","True",
"dist_electron\win-unpacked\libEGL.dll","491008","True",
"dist_electron\win-unpacked\libGLESv2.dll","8110592","True",
"dist_electron\win-unpacked\LICENSE.electron.txt","1096","False","22"
"dist_electron\win-unpacked\LICENSES.chromium.html","11175275","False","200211"
"dist_electron\win-unpacked\locales\af.pak","545943","True",
"dist_electron\win-unpacked\locales\am.pak","882232","True",
"dist_electron\win-unpacked\locales\ar.pak","967938","True",
"dist_electron\win-unpacked\locales\bg.pak","1007566","True",
"dist_electron\win-unpacked\locales\bn.pak","1298436","True",
"dist_electron\win-unpacked\locales\ca.pak","612676","True",
"dist_electron\win-unpacked\locales\cs.pak","632449","True",
"dist_electron\win-unpacked\locales\da.pak","571795","True",
"dist_electron\win-unpacked\locales\de.pak","611312","True",
"dist_electron\win-unpacked\locales\el.pak","1103668","True",
"dist_electron\win-unpacked\locales\en-GB.pak","496743","True",
"dist_electron\win-unpacked\locales\en-US.pak","501514","True",
"dist_electron\win-unpacked\locales\es.pak","602486","True",
"dist_electron\win-unpacked\locales\es-419.pak","603446","True",
"dist_electron\win-unpacked\locales\et.pak","549196","True",
"dist_electron\win-unpacked\locales\fa.pak","898401","True",
"dist_electron\win-unpacked\locales\fi.pak","560067","True",
"dist_electron\win-unpacked\locales\fil.pak","633637","True",
"dist_electron\win-unpacked\locales\fr.pak","652577","True",
"dist_electron\win-unpacked\locales\gu.pak","1281645","True",
"dist_electron\win-unpacked\locales\he.pak","789701","True",
"dist_electron\win-unpacked\locales\hi.pak","1352368","True",
"dist_electron\win-unpacked\locales\hr.pak","609487","True",
"dist_electron\win-unpacked\locales\hu.pak","656971","True",
"dist_electron\win-unpacked\locales\id.pak","541718","True",
"dist_electron\win-unpacked\locales\it.pak","594394","True",
"dist_electron\win-unpacked\locales\ja.pak","724187","True",
"dist_electron\win-unpacked\locales\kn.pak","1463263","True",
"dist_electron\win-unpacked\locales\ko.pak","613609","True",
"dist_electron\win-unpacked\locales\lt.pak","660230","True",
"dist_electron\win-unpacked\locales\lv.pak","658780","True",
"dist_electron\win-unpacked\locales\ml.pak","1519586","True",
"dist_electron\win-unpacked\locales\mr.pak","1254664","True",
"dist_electron\win-unpacked\locales\ms.pak","568567","True",
"dist_electron\win-unpacked\locales\nb.pak","550039","True",
"dist_electron\win-unpacked\locales\nl.pak","569717","True",
"dist_electron\win-unpacked\locales\pl.pak","634327","True",
"dist_electron\win-unpacked\locales\pt-BR.pak","595165","True",
"dist_electron\win-unpacked\locales\pt-PT.pak","599243","True",
"dist_electron\win-unpacked\locales\ro.pak","620746","True",
"dist_electron\win-unpacked\locales\ru.pak","1021508","True",
"dist_electron\win-unpacked\locales\sk.pak","642856","True",
"dist_electron\win-unpacked\locales\sl.pak","616550","True",
"dist_electron\win-unpacked\locales\sr.pak","949158","True",
"dist_electron\win-unpacked\locales\sv.pak","553636","True",
"dist_electron\win-unpacked\locales\sw.pak","584260","True",
"dist_electron\win-unpacked\locales\ta.pak","1507096","True",
"dist_electron\win-unpacked\locales\te.pak","1395141","True",
"dist_electron\win-unpacked\locales\th.pak","1172114","True",
"dist_electron\win-unpacked\locales\tr.pak","595104","True",
"dist_electron\win-unpacked\locales\uk.pak","1023402","True",
"dist_electron\win-unpacked\locales\ur.pak","893135","True",
"dist_electron\win-unpacked\locales\vi.pak","705694","True",
"dist_electron\win-unpacked\locales\zh-CN.pak","507439","True",
"dist_electron\win-unpacked\locales\zh-TW.pak","501984","True",
"dist_electron\win-unpacked\resources.pak","5801405","True",
"dist_electron\win-unpacked\resources\.env.example","305","False","10"
"dist_electron\win-unpacked\resources\app.asar","185820542","True",
"dist_electron\win-unpacked\resources\app.asar.unpacked\node_modules\@jitsi\robotjs\build\Release\obj\robotjs\robotjs.node.recipe","333","False","11"
"dist_electron\win-unpacked\resources\app.asar.unpacked\node_modules\@jitsi\robotjs\build\Release\obj\robotjs\robotjs.tlog\CL.command.1.tlog","29398","True",
"dist_electron\win-unpacked\resources\app.asar.unpacked\node_modules\@jitsi\robotjs\build\Release\obj\robotjs\robotjs.tlog\Cl.items.tlog","1884","False","11"
"dist_electron\win-unpacked\resources\app.asar.unpacked\node_modules\@jitsi\robotjs\build\Release\obj\robotjs\robotjs.tlog\CL.read.1.tlog","182178","True",
"dist_electron\win-unpacked\resources\app.asar.unpacked\node_modules\@jitsi\robotjs\build\Release\obj\robotjs\robotjs.tlog\CL.write.1.tlog","3810","True",
"dist_electron\win-unpacked\resources\app.asar.unpacked\node_modules\@jitsi\robotjs\build\Release\obj\robotjs\robotjs.tlog\link.command.1.tlog","4216","True",
"dist_electron\win-unpacked\resources\app.asar.unpacked\node_modules\@jitsi\robotjs\build\Release\obj\robotjs\robotjs.tlog\link.read.1.tlog","8936","True",
"dist_electron\win-unpacked\resources\app.asar.unpacked\node_modules\@jitsi\robotjs\build\Release\obj\robotjs\robotjs.tlog\link.secondary.1.tlog","1445","False","6"
"dist_electron\win-unpacked\resources\app.asar.unpacked\node_modules\@jitsi\robotjs\build\Release\obj\robotjs\robotjs.tlog\link.write.1.tlog","2526","True",
"dist_electron\win-unpacked\resources\app.asar.unpacked\node_modules\@jitsi\robotjs\build\Release\obj\robotjs\robotjs.tlog\robotjs.lastbuildstate","201","False","3"
"dist_electron\win-unpacked\resources\app.asar.unpacked\node_modules\@jitsi\robotjs\build\Release\robotjs.exp","1019","True",
"dist_electron\win-unpacked\resources\app.asar.unpacked\node_modules\@jitsi\robotjs\build\Release\robotjs.iobj","804099","True",
"dist_electron\win-unpacked\resources\app.asar.unpacked\node_modules\@jitsi\robotjs\build\Release\robotjs.ipdb","283520","True",
"dist_electron\win-unpacked\resources\app.asar.unpacked\node_modules\@jitsi\robotjs\build\Release\robotjs.lib","2080","True",
"dist_electron\win-unpacked\resources\app.asar.unpacked\node_modules\@jitsi\robotjs\build\Release\robotjs.node","225792","True",
"dist_electron\win-unpacked\resources\app.asar.unpacked\node_modules\@jitsi\robotjs\build\robotjs.vcxproj","12894","False","173"
"dist_electron\win-unpacked\resources\app.asar.unpacked\node_modules\@jitsi\robotjs\build\robotjs.vcxproj.filters","4865","False","122"
"dist_electron\win-unpacked\resources\app.asar.unpacked\node_modules\@jitsi\robotjs\index.js","1487","False","52"
"dist_electron\win-unpacked\resources\app.asar.unpacked\node_modules\@jitsi\robotjs\LICENSE.md","1058","False","7"
"dist_electron\win-unpacked\resources\app.asar.unpacked\node_modules\@jitsi\robotjs\package.json","756","False","36"
"dist_electron\win-unpacked\resources\app.asar.unpacked\node_modules\@jitsi\robotjs\prebuilds\darwin-x64+arm64\@jitsi+robotjs.node","179616","True",
"dist_electron\win-unpacked\resources\app.asar.unpacked\node_modules\@jitsi\robotjs\prebuilds\linux-arm64\@jitsi+robotjs.node","99344","True",
"dist_electron\win-unpacked\resources\app.asar.unpacked\node_modules\@jitsi\robotjs\prebuilds\linux-x64\@jitsi+robotjs.node","111880","True",
"dist_electron\win-unpacked\resources\app.asar.unpacked\node_modules\@jitsi\robotjs\prebuilds\win32-arm64\@jitsi+robotjs.node","219648","True",
"dist_electron\win-unpacked\resources\app.asar.unpacked\node_modules\@jitsi\robotjs\prebuilds\win32-ia32\@jitsi+robotjs.node","180736","True",
"dist_electron\win-unpacked\resources\app.asar.unpacked\node_modules\@jitsi\robotjs\prebuilds\win32-x64\@jitsi+robotjs.node","228352","True",
"dist_electron\win-unpacked\resources\app.asar.unpacked\node_modules\@jitsi\robotjs\src\alert.c","5640","False","180"
"dist_electron\win-unpacked\resources\app.asar.unpacked\node_modules\@jitsi\robotjs\src\alert.h","464","False","18"
"dist_electron\win-unpacked\resources\app.asar.unpacked\node_modules\@jitsi\robotjs\src\base64.c","3535","False","112"
"dist_electron\win-unpacked\resources\app.asar.unpacked\node_modules\@jitsi\robotjs\src\base64.h","1009","False","32"
"dist_electron\win-unpacked\resources\app.asar.unpacked\node_modules\@jitsi\robotjs\src\bitmap_find.c","9536","False","271"
"dist_electron\win-unpacked\resources\app.asar.unpacked\node_modules\@jitsi\robotjs\src\bitmap_find.h","2149","False","53"
"dist_electron\win-unpacked\resources\app.asar.unpacked\node_modules\@jitsi\robotjs\src\bmp_io.c","13848","False","432"
"dist_electron\win-unpacked\resources\app.asar.unpacked\node_modules\@jitsi\robotjs\src\bmp_io.h","1949","False","64"
"dist_electron\win-unpacked\resources\app.asar.unpacked\node_modules\@jitsi\robotjs\src\color_find.c","1661","False","59"
"dist_electron\win-unpacked\resources\app.asar.unpacked\node_modules\@jitsi\robotjs\src\color_find.h","2108","False","50"
"dist_electron\win-unpacked\resources\app.asar.unpacked\node_modules\@jitsi\robotjs\src\deadbeef_rand.c","690","False","28"
"dist_electron\win-unpacked\resources\app.asar.unpacked\node_modules\@jitsi\robotjs\src\deadbeef_rand.h","1090","False","36"
"dist_electron\win-unpacked\resources\app.asar.unpacked\node_modules\@jitsi\robotjs\src\endian.h","3823","False","124"
"dist_electron\win-unpacked\resources\app.asar.unpacked\node_modules\@jitsi\robotjs\src\inline_keywords.h","488","False","16"
"dist_electron\win-unpacked\resources\app.asar.unpacked\node_modules\@jitsi\robotjs\src\io.c","1772","False","80"
"dist_electron\win-unpacked\resources\app.asar.unpacked\node_modules\@jitsi\robotjs\src\io.h","1478","False","56"
"dist_electron\win-unpacked\resources\app.asar.unpacked\node_modules\@jitsi\robotjs\src\keycode.c","4312","False","164"
"dist_electron\win-unpacked\resources\app.asar.unpacked\node_modules\@jitsi\robotjs\src\keycode.h","7078","False","312"
"dist_electron\win-unpacked\resources\app.asar.unpacked\node_modules\@jitsi\robotjs\src\keypress.c","9302","False","329"
"dist_electron\win-unpacked\resources\app.asar.unpacked\node_modules\@jitsi\robotjs\src\keypress.h","1930","False","86"
"dist_electron\win-unpacked\resources\app.asar.unpacked\node_modules\@jitsi\robotjs\src\microsleep.h","1158","False","41"
"dist_electron\win-unpacked\resources\app.asar.unpacked\node_modules\@jitsi\robotjs\src\MMBitmap.c","2434","False","94"
"dist_electron\win-unpacked\resources\app.asar.unpacked\node_modules\@jitsi\robotjs\src\MMBitmap.h","3310","False","87"
"dist_electron\win-unpacked\resources\app.asar.unpacked\node_modules\@jitsi\robotjs\src\MMPointArray.c","1098","False","42"
"dist_electron\win-unpacked\resources\app.asar.unpacked\node_modules\@jitsi\robotjs\src\MMPointArray.h","1072","False","34"
"dist_electron\win-unpacked\resources\app.asar.unpacked\node_modules\@jitsi\robotjs\src\mouse.c","12122","False","410"
"dist_electron\win-unpacked\resources\app.asar.unpacked\node_modules\@jitsi\robotjs\src\mouse.h","2656","False","106"
"dist_electron\win-unpacked\resources\app.asar.unpacked\node_modules\@jitsi\robotjs\src\ms_stdbool.h","536","False","28"
"dist_electron\win-unpacked\resources\app.asar.unpacked\node_modules\@jitsi\robotjs\src\ms_stdint.h","6934","False","225"
"dist_electron\win-unpacked\resources\app.asar.unpacked\node_modules\@jitsi\robotjs\src\os.h","1492","False","50"
"dist_electron\win-unpacked\resources\app.asar.unpacked\node_modules\@jitsi\robotjs\src\pasteboard.c","2587","False","107"
"dist_electron\win-unpacked\resources\app.asar.unpacked\node_modules\@jitsi\robotjs\src\pasteboard.h","656","False","29"
"dist_electron\win-unpacked\resources\app.asar.unpacked\node_modules\@jitsi\robotjs\src\png_io.c","8990","False","339"
"dist_electron\win-unpacked\resources\app.asar.unpacked\node_modules\@jitsi\robotjs\src\png_io.h","1177","False","38"
"dist_electron\win-unpacked\resources\app.asar.unpacked\node_modules\@jitsi\robotjs\src\rgb.h","3213","False","104"
"dist_electron\win-unpacked\resources\app.asar.unpacked\node_modules\@jitsi\robotjs\src\screen.c","942","False","34"
"dist_electron\win-unpacked\resources\app.asar.unpacked\node_modules\@jitsi\robotjs\src\screen.h","473","False","30"
"dist_electron\win-unpacked\resources\app.asar.unpacked\node_modules\@jitsi\robotjs\src\screengrab.c","4139","False","150"
"dist_electron\win-unpacked\resources\app.asar.unpacked\node_modules\@jitsi\robotjs\src\screengrab.h","361","False","22"
"dist_electron\win-unpacked\resources\app.asar.unpacked\node_modules\@jitsi\robotjs\src\snprintf.c","41584","False","1020"
"dist_electron\win-unpacked\resources\app.asar.unpacked\node_modules\@jitsi\robotjs\src\snprintf.h","1181","False","46"
"dist_electron\win-unpacked\resources\app.asar.unpacked\node_modules\@jitsi\robotjs\src\str_io.c","5803","False","207"
"dist_electron\win-unpacked\resources\app.asar.unpacked\node_modules\@jitsi\robotjs\src\str_io.h","1695","False","51"
"dist_electron\win-unpacked\resources\app.asar.unpacked\node_modules\@jitsi\robotjs\src\types.h","1595","False","90"
"dist_electron\win-unpacked\resources\app.asar.unpacked\node_modules\@jitsi\robotjs\src\uthash.h","62091","False","930"
"dist_electron\win-unpacked\resources\app.asar.unpacked\node_modules\@jitsi\robotjs\src\UTHashTable.c","1641","False","57"
"dist_electron\win-unpacked\resources\app.asar.unpacked\node_modules\@jitsi\robotjs\src\UTHashTable.h","3019","False","84"
"dist_electron\win-unpacked\resources\app.asar.unpacked\node_modules\@jitsi\robotjs\src\xdisplay.c","1098","False","56"
"dist_electron\win-unpacked\resources\app.asar.unpacked\node_modules\@jitsi\robotjs\src\xdisplay.h","644","False","30"
"dist_electron\win-unpacked\resources\app.asar.unpacked\node_modules\@jitsi\robotjs\src\zlib_util.c","2397","False","100"
"dist_electron\win-unpacked\resources\app.asar.unpacked\node_modules\@jitsi\robotjs\src\zlib_util.h","989","False","33"
"dist_electron\win-unpacked\resources\app.asar.unpacked\node_modules\@napi-rs\canvas\node_modules\@napi-rs\canvas-win32-x64-msvc\icudtl.dat","10468208","True",
"dist_electron\win-unpacked\resources\app.asar.unpacked\node_modules\@napi-rs\canvas\node_modules\@napi-rs\canvas-win32-x64-msvc\package.json","542","False","28"
"dist_electron\win-unpacked\resources\app.asar.unpacked\node_modules\@napi-rs\canvas\node_modules\@napi-rs\canvas-win32-x64-msvc\skia.win32-x64-msvc.node","26272256","True",
"dist_electron\win-unpacked\resources\app.asar.unpacked\node_modules\@picovoice\porcupine-node\.eslintignore","44","False","5"
"dist_electron\win-unpacked\resources\app.asar.unpacked\node_modules\@picovoice\porcupine-node\.eslintrc.js","19312","False","464"
"dist_electron\win-unpacked\resources\app.asar.unpacked\node_modules\@picovoice\porcupine-node\.prettierignore","34","False","3"
"dist_electron\win-unpacked\resources\app.asar.unpacked\node_modules\@picovoice\porcupine-node\.prettierrc","131","False","9"
"dist_electron\win-unpacked\resources\app.asar.unpacked\node_modules\@picovoice\porcupine-node\copy.js","2035","False","85"
"dist_electron\win-unpacked\resources\app.asar.unpacked\node_modules\@picovoice\porcupine-node\dist\builtin_keywords.js","1825","False","38"
"dist_electron\win-unpacked\resources\app.asar.unpacked\node_modules\@picovoice\porcupine-node\dist\builtin_keywords.js.map","795","False","1"
"dist_electron\win-unpacked\resources\app.asar.unpacked\node_modules\@picovoice\porcupine-node\dist\errors.js","4979","False","102"
"dist_electron\win-unpacked\resources\app.asar.unpacked\node_modules\@picovoice\porcupine-node\dist\errors.js.map","2540","False","1"
"dist_electron\win-unpacked\resources\app.asar.unpacked\node_modules\@picovoice\porcupine-node\dist\index.js","1604","False","24"
"dist_electron\win-unpacked\resources\app.asar.unpacked\node_modules\@picovoice\porcupine-node\dist\index.js.map","415","False","1"
"dist_electron\win-unpacked\resources\app.asar.unpacked\node_modules\@picovoice\porcupine-node\dist\platforms.js","6109","False","134"
"dist_electron\win-unpacked\resources\app.asar.unpacked\node_modules\@picovoice\porcupine-node\dist\platforms.js.map","4693","False","1"
"dist_electron\win-unpacked\resources\app.asar.unpacked\node_modules\@picovoice\porcupine-node\dist\porcupine.js","10677","False","225"
"dist_electron\win-unpacked\resources\app.asar.unpacked\node_modules\@picovoice\porcupine-node\dist\porcupine.js.map","5555","False","1"
"dist_electron\win-unpacked\resources\app.asar.unpacked\node_modules\@picovoice\porcupine-node\dist\pv_status_t.js","1519","False","29"
"dist_electron\win-unpacked\resources\app.asar.unpacked\node_modules\@picovoice\porcupine-node\dist\pv_status_t.js.map","535","False","1"
"dist_electron\win-unpacked\resources\app.asar.unpacked\node_modules\@picovoice\porcupine-node\dist\types.js","610","False","11"
"dist_electron\win-unpacked\resources\app.asar.unpacked\node_modules\@picovoice\porcupine-node\dist\types.js.map","118","False","1"
"dist_electron\win-unpacked\resources\app.asar.unpacked\node_modules\@picovoice\porcupine-node\dist\types\builtin_keywords.d.ts.map","431","False","1"
"dist_electron\win-unpacked\resources\app.asar.unpacked\node_modules\@picovoice\porcupine-node\dist\types\errors.d.ts.map","863","False","1"
"dist_electron\win-unpacked\resources\app.asar.unpacked\node_modules\@picovoice\porcupine-node\dist\types\index.d.ts.map","444","False","1"
"dist_electron\win-unpacked\resources\app.asar.unpacked\node_modules\@picovoice\porcupine-node\dist\types\platforms.d.ts.map","185","False","1"
"dist_electron\win-unpacked\resources\app.asar.unpacked\node_modules\@picovoice\porcupine-node\dist\types\porcupine.d.ts.map","811","False","1"
"dist_electron\win-unpacked\resources\app.asar.unpacked\node_modules\@picovoice\porcupine-node\dist\types\pv_status_t.d.ts.map","353","False","1"
"dist_electron\win-unpacked\resources\app.asar.unpacked\node_modules\@picovoice\porcupine-node\dist\types\types.d.ts.map","326","False","1"
"dist_electron\win-unpacked\resources\app.asar.unpacked\node_modules\@picovoice\porcupine-node\dist\types\wave_util.d.ts.map","269","False","1"
"dist_electron\win-unpacked\resources\app.asar.unpacked\node_modules\@picovoice\porcupine-node\dist\wave_util.js","1943","False","47"
"dist_electron\win-unpacked\resources\app.asar.unpacked\node_modules\@picovoice\porcupine-node\dist\wave_util.js.map","1389","False","1"
"dist_electron\win-unpacked\resources\app.asar.unpacked\node_modules\@picovoice\porcupine-node\jest.config.js","134","False","5"
"dist_electron\win-unpacked\resources\app.asar.unpacked\node_modules\@picovoice\porcupine-node\lib\common\porcupine_params.pv","984948","True",
"dist_electron\win-unpacked\resources\app.asar.unpacked\node_modules\@picovoice\porcupine-node\lib\linux\x86_64\pv_porcupine.node","1163512","True",
"dist_electron\win-unpacked\resources\app.asar.unpacked\node_modules\@picovoice\porcupine-node\lib\mac\arm64\pv_porcupine.node","323232","True",
"dist_electron\win-unpacked\resources\app.asar.unpacked\node_modules\@picovoice\porcupine-node\lib\mac\x86_64\pv_porcupine.node","324744","True",
"dist_electron\win-unpacked\resources\app.asar.unpacked\node_modules\@picovoice\porcupine-node\lib\raspberry-pi\cortex-a53\pv_porcupine.node","191724","True",
"dist_electron\win-unpacked\resources\app.asar.unpacked\node_modules\@picovoice\porcupine-node\lib\raspberry-pi\cortex-a53-aarch64\pv_porcupine.node","267744","True",
"dist_electron\win-unpacked\resources\app.asar.unpacked\node_modules\@picovoice\porcupine-node\lib\raspberry-pi\cortex-a72\pv_porcupine.node","195820","True",
"dist_electron\win-unpacked\resources\app.asar.unpacked\node_modules\@picovoice\porcupine-node\lib\raspberry-pi\cortex-a72-aarch64\pv_porcupine.node","267744","True",
"dist_electron\win-unpacked\resources\app.asar.unpacked\node_modules\@picovoice\porcupine-node\lib\raspberry-pi\cortex-a76\pv_porcupine.node","195824","True",
"dist_electron\win-unpacked\resources\app.asar.unpacked\node_modules\@picovoice\porcupine-node\lib\raspberry-pi\cortex-a76-aarch64\pv_porcupine.node","267744","True",
"dist_electron\win-unpacked\resources\app.asar.unpacked\node_modules\@picovoice\porcupine-node\lib\windows\amd64\pv_porcupine.node","388608","True",
"dist_electron\win-unpacked\resources\app.asar.unpacked\node_modules\@picovoice\porcupine-node\lib\windows\amd64\pv_ypu_impl_cuda.dll","1778176","True",
"dist_electron\win-unpacked\resources\app.asar.unpacked\node_modules\@picovoice\porcupine-node\lib\windows\arm64\pv_porcupine.node","296960","True",
"dist_electron\win-unpacked\resources\app.asar.unpacked\node_modules\@picovoice\porcupine-node\package.json","1012","False","41"
"dist_electron\win-unpacked\resources\app.asar.unpacked\node_modules\@picovoice\porcupine-node\resources\keyword_files\linux\alexa_linux.ppn","9180","True",
"dist_electron\win-unpacked\resources\app.asar.unpacked\node_modules\@picovoice\porcupine-node\resources\keyword_files\linux\americano_linux.ppn","12480","True",
"dist_electron\win-unpacked\resources\app.asar.unpacked\node_modules\@picovoice\porcupine-node\resources\keyword_files\linux\blueberry_linux.ppn","2976","True",
"dist_electron\win-unpacked\resources\app.asar.unpacked\node_modules\@picovoice\porcupine-node\resources\keyword_files\linux\bumblebee_linux.ppn","6672","True",
"dist_electron\win-unpacked\resources\app.asar.unpacked\node_modules\@picovoice\porcupine-node\resources\keyword_files\linux\computer_linux.ppn","4264","True",
"dist_electron\win-unpacked\resources\app.asar.unpacked\node_modules\@picovoice\porcupine-node\resources\keyword_files\linux\grapefruit_linux.ppn","3140","True",
"dist_electron\win-unpacked\resources\app.asar.unpacked\node_modules\@picovoice\porcupine-node\resources\keyword_files\linux\grasshopper_linux.ppn","3172","True",
"dist_electron\win-unpacked\resources\app.asar.unpacked\node_modules\@picovoice\porcupine-node\resources\keyword_files\linux\hey google_linux.ppn","4064","True",
"dist_electron\win-unpacked\resources\app.asar.unpacked\node_modules\@picovoice\porcupine-node\resources\keyword_files\linux\hey siri_linux.ppn","2812","True",
"dist_electron\win-unpacked\resources\app.asar.unpacked\node_modules\@picovoice\porcupine-node\resources\keyword_files\linux\jarvis_linux.ppn","3668","True",
"dist_electron\win-unpacked\resources\app.asar.unpacked\node_modules\@picovoice\porcupine-node\resources\keyword_files\linux\ok google_linux.ppn","4296","True",
"dist_electron\win-unpacked\resources\app.asar.unpacked\node_modules\@picovoice\porcupine-node\resources\keyword_files\linux\picovoice_linux.ppn","6144","True",
"dist_electron\win-unpacked\resources\app.asar.unpacked\node_modules\@picovoice\porcupine-node\resources\keyword_files\linux\porcupine_linux.ppn","11424","True",
"dist_electron\win-unpacked\resources\app.asar.unpacked\node_modules\@picovoice\porcupine-node\resources\keyword_files\linux\terminator_linux.ppn","9476","True",
"dist_electron\win-unpacked\resources\app.asar.unpacked\node_modules\@picovoice\porcupine-node\resources\keyword_files\mac\alexa_mac.ppn","9180","True",
"dist_electron\win-unpacked\resources\app.asar.unpacked\node_modules\@picovoice\porcupine-node\resources\keyword_files\mac\americano_mac.ppn","12480","True",
"dist_electron\win-unpacked\resources\app.asar.unpacked\node_modules\@picovoice\porcupine-node\resources\keyword_files\mac\blueberry_mac.ppn","2976","True",
"dist_electron\win-unpacked\resources\app.asar.unpacked\node_modules\@picovoice\porcupine-node\resources\keyword_files\mac\bumblebee_mac.ppn","6672","True",
"dist_electron\win-unpacked\resources\app.asar.unpacked\node_modules\@picovoice\porcupine-node\resources\keyword_files\mac\computer_mac.ppn","4264","True",
"dist_electron\win-unpacked\resources\app.asar.unpacked\node_modules\@picovoice\porcupine-node\resources\keyword_files\mac\grapefruit_mac.ppn","3140","True",
"dist_electron\win-unpacked\resources\app.asar.unpacked\node_modules\@picovoice\porcupine-node\resources\keyword_files\mac\grasshopper_mac.ppn","3172","True",
"dist_electron\win-unpacked\resources\app.asar.unpacked\node_modules\@picovoice\porcupine-node\resources\keyword_files\mac\hey google_mac.ppn","4064","True",
"dist_electron\win-unpacked\resources\app.asar.unpacked\node_modules\@picovoice\porcupine-node\resources\keyword_files\mac\hey siri_mac.ppn","2812","True",
"dist_electron\win-unpacked\resources\app.asar.unpacked\node_modules\@picovoice\porcupine-node\resources\keyword_files\mac\jarvis_mac.ppn","3668","True",
"dist_electron\win-unpacked\resources\app.asar.unpacked\node_modules\@picovoice\porcupine-node\resources\keyword_files\mac\ok google_mac.ppn","4296","True",
"dist_electron\win-unpacked\resources\app.asar.unpacked\node_modules\@picovoice\porcupine-node\resources\keyword_files\mac\picovoice_mac.ppn","6144","True",
"dist_electron\win-unpacked\resources\app.asar.unpacked\node_modules\@picovoice\porcupine-node\resources\keyword_files\mac\porcupine_mac.ppn","11424","True",
"dist_electron\win-unpacked\resources\app.asar.unpacked\node_modules\@picovoice\porcupine-node\resources\keyword_files\mac\terminator_mac.ppn","9476","True",
"dist_electron\win-unpacked\resources\app.asar.unpacked\node_modules\@picovoice\porcupine-node\resources\keyword_files\raspberry-pi\alexa_raspberry-pi.ppn","9180","True",
"dist_electron\win-unpacked\resources\app.asar.unpacked\node_modules\@picovoice\porcupine-node\resources\keyword_files\raspberry-pi\americano_raspberry-pi.ppn","12480","True",
"dist_electron\win-unpacked\resources\app.asar.unpacked\node_modules\@picovoice\porcupine-node\resources\keyword_files\raspberry-pi\blueberry_raspberry-pi.ppn","2976","True",
"dist_electron\win-unpacked\resources\app.asar.unpacked\node_modules\@picovoice\porcupine-node\resources\keyword_files\raspberry-pi\bumblebee_raspberry-pi.ppn","6672","True",
"dist_electron\win-unpacked\resources\app.asar.unpacked\node_modules\@picovoice\porcupine-node\resources\keyword_files\raspberry-pi\computer_raspberry-pi.ppn","4264","True",
"dist_electron\win-unpacked\resources\app.asar.unpacked\node_modules\@picovoice\porcupine-node\resources\keyword_files\raspberry-pi\grapefruit_raspberry-pi.ppn","3140","True",
"dist_electron\win-unpacked\resources\app.asar.unpacked\node_modules\@picovoice\porcupine-node\resources\keyword_files\raspberry-pi\grasshopper_raspberry-pi.ppn","3172","True",
"dist_electron\win-unpacked\resources\app.asar.unpacked\node_modules\@picovoice\porcupine-node\resources\keyword_files\raspberry-pi\hey google_raspberry-pi.ppn","4064","True",
"dist_electron\win-unpacked\resources\app.asar.unpacked\node_modules\@picovoice\porcupine-node\resources\keyword_files\raspberry-pi\hey siri_raspberry-pi.ppn","2812","True",
"dist_electron\win-unpacked\resources\app.asar.unpacked\node_modules\@picovoice\porcupine-node\resources\keyword_files\raspberry-pi\jarvis_raspberry-pi.ppn","3668","True",
"dist_electron\win-unpacked\resources\app.asar.unpacked\node_modules\@picovoice\porcupine-node\resources\keyword_files\raspberry-pi\ok google_raspberry-pi.ppn","4296","True",
"dist_electron\win-unpacked\resources\app.asar.unpacked\node_modules\@picovoice\porcupine-node\resources\keyword_files\raspberry-pi\picovoice_raspberry-pi.ppn","6144","True",
"dist_electron\win-unpacked\resources\app.asar.unpacked\node_modules\@picovoice\porcupine-node\resources\keyword_files\raspberry-pi\porcupine_raspberry-pi.ppn","11424","True",
"dist_electron\win-unpacked\resources\app.asar.unpacked\node_modules\@picovoice\porcupine-node\resources\keyword_files\raspberry-pi\terminator_raspberry-pi.ppn","9476","True",
"dist_electron\win-unpacked\resources\app.asar.unpacked\node_modules\@picovoice\porcupine-node\resources\keyword_files\windows\alexa_windows.ppn","9180","True",
"dist_electron\win-unpacked\resources\app.asar.unpacked\node_modules\@picovoice\porcupine-node\resources\keyword_files\windows\americano_windows.ppn","12480","True",
"dist_electron\win-unpacked\resources\app.asar.unpacked\node_modules\@picovoice\porcupine-node\resources\keyword_files\windows\blueberry_windows.ppn","2976","True",
"dist_electron\win-unpacked\resources\app.asar.unpacked\node_modules\@picovoice\porcupine-node\resources\keyword_files\windows\bumblebee_windows.ppn","6672","True",
"dist_electron\win-unpacked\resources\app.asar.unpacked\node_modules\@picovoice\porcupine-node\resources\keyword_files\windows\computer_windows.ppn","4264","True",
"dist_electron\win-unpacked\resources\app.asar.unpacked\node_modules\@picovoice\porcupine-node\resources\keyword_files\windows\grapefruit_windows.ppn","3140","True",
"dist_electron\win-unpacked\resources\app.asar.unpacked\node_modules\@picovoice\porcupine-node\resources\keyword_files\windows\grasshopper_windows.ppn","3172","True",
"dist_electron\win-unpacked\resources\app.asar.unpacked\node_modules\@picovoice\porcupine-node\resources\keyword_files\windows\hey google_windows.ppn","4064","True",
"dist_electron\win-unpacked\resources\app.asar.unpacked\node_modules\@picovoice\porcupine-node\resources\keyword_files\windows\hey siri_windows.ppn","2812","True",
"dist_electron\win-unpacked\resources\app.asar.unpacked\node_modules\@picovoice\porcupine-node\resources\keyword_files\windows\jarvis_windows.ppn","3668","True",
"dist_electron\win-unpacked\resources\app.asar.unpacked\node_modules\@picovoice\porcupine-node\resources\keyword_files\windows\ok google_windows.ppn","4296","True",
"dist_electron\win-unpacked\resources\app.asar.unpacked\node_modules\@picovoice\porcupine-node\resources\keyword_files\windows\picovoice_windows.ppn","6144","True",
"dist_electron\win-unpacked\resources\app.asar.unpacked\node_modules\@picovoice\porcupine-node\resources\keyword_files\windows\porcupine_windows.ppn","11424","True",
"dist_electron\win-unpacked\resources\app.asar.unpacked\node_modules\@picovoice\porcupine-node\resources\keyword_files\windows\terminator_windows.ppn","9476","True",
"dist_electron\win-unpacked\resources\app.asar.unpacked\node_modules\@picovoice\porcupine-node\src\builtin_keywords.ts","1247","False","41"
"dist_electron\win-unpacked\resources\app.asar.unpacked\node_modules\@picovoice\porcupine-node\src\errors.ts","3534","False","91"
"dist_electron\win-unpacked\resources\app.asar.unpacked\node_modules\@picovoice\porcupine-node\src\index.ts","985","False","29"
"dist_electron\win-unpacked\resources\app.asar.unpacked\node_modules\@picovoice\porcupine-node\src\platforms.ts","5785","False","193"
"dist_electron\win-unpacked\resources\app.asar.unpacked\node_modules\@picovoice\porcupine-node\src\porcupine.ts","10548","False","316"
"dist_electron\win-unpacked\resources\app.asar.unpacked\node_modules\@picovoice\porcupine-node\src\pv_status_t.ts","799","False","29"
"dist_electron\win-unpacked\resources\app.asar.unpacked\node_modules\@picovoice\porcupine-node\src\types.ts","726","False","20"
"dist_electron\win-unpacked\resources\app.asar.unpacked\node_modules\@picovoice\porcupine-node\src\wave_util.ts","1762","False","57"
"dist_electron\win-unpacked\resources\app.asar.unpacked\node_modules\@picovoice\porcupine-node\tsconfig.json","483","False","21"
"dist_electron\win-unpacked\resources\app.asar.unpacked\node_modules\@picovoice\pvrecorder-node\.eslintignore","45","False","6"
"dist_electron\win-unpacked\resources\app.asar.unpacked\node_modules\@picovoice\pvrecorder-node\.eslintrc.js","19312","False","464"
"dist_electron\win-unpacked\resources\app.asar.unpacked\node_modules\@picovoice\pvrecorder-node\.prettierrc","13","False","2"
"dist_electron\win-unpacked\resources\app.asar.unpacked\node_modules\@picovoice\pvrecorder-node\copy.js","816","False","28"
"dist_electron\win-unpacked\resources\app.asar.unpacked\node_modules\@picovoice\pvrecorder-node\dist\errors.js","2528","False","55"
"dist_electron\win-unpacked\resources\app.asar.unpacked\node_modules\@picovoice\pvrecorder-node\dist\errors.js.map","1298","False","1"
"dist_electron\win-unpacked\resources\app.asar.unpacked\node_modules\@picovoice\pvrecorder-node\dist\index.js","748","False","16"
"dist_electron\win-unpacked\resources\app.asar.unpacked\node_modules\@picovoice\pvrecorder-node\dist\index.js.map","271","False","1"
"dist_electron\win-unpacked\resources\app.asar.unpacked\node_modules\@picovoice\pvrecorder-node\dist\platforms.js","6404","False","149"
"dist_electron\win-unpacked\resources\app.asar.unpacked\node_modules\@picovoice\pvrecorder-node\dist\platforms.js.map","4921","False","1"
"dist_electron\win-unpacked\resources\app.asar.unpacked\node_modules\@picovoice\pvrecorder-node\dist\pv_recorder.js","6154","False","165"
"dist_electron\win-unpacked\resources\app.asar.unpacked\node_modules\@picovoice\pvrecorder-node\dist\pv_recorder.js.map","3322","False","1"
"dist_electron\win-unpacked\resources\app.asar.unpacked\node_modules\@picovoice\pvrecorder-node\dist\pv_recorder_status_t.js","1519","False","26"
"dist_electron\win-unpacked\resources\app.asar.unpacked\node_modules\@picovoice\pvrecorder-node\dist\pv_recorder_status_t.js.map","513","False","1"
"dist_electron\win-unpacked\resources\app.asar.unpacked\node_modules\@picovoice\pvrecorder-node\dist\types\errors.d.ts.map","242","False","1"
"dist_electron\win-unpacked\resources\app.asar.unpacked\node_modules\@picovoice\pvrecorder-node\dist\types\index.d.ts.map","167","False","1"
"dist_electron\win-unpacked\resources\app.asar.unpacked\node_modules\@picovoice\pvrecorder-node\dist\types\platforms.d.ts.map","185","False","1"
"dist_electron\win-unpacked\resources\app.asar.unpacked\node_modules\@picovoice\pvrecorder-node\dist\types\pv_recorder.d.ts.map","911","False","1"
"dist_electron\win-unpacked\resources\app.asar.unpacked\node_modules\@picovoice\pvrecorder-node\dist\types\pv_recorder_status_t.d.ts.map","325","False","1"
"dist_electron\win-unpacked\resources\app.asar.unpacked\node_modules\@picovoice\pvrecorder-node\jest.config.js","135","False","6"
"dist_electron\win-unpacked\resources\app.asar.unpacked\node_modules\@picovoice\pvrecorder-node\lib\linux\x86_64\pv_recorder.node","889128","True",
"dist_electron\win-unpacked\resources\app.asar.unpacked\node_modules\@picovoice\pvrecorder-node\lib\mac\arm64\pv_recorder.node","625648","True",
"dist_electron\win-unpacked\resources\app.asar.unpacked\node_modules\@picovoice\pvrecorder-node\lib\mac\x86_64\pv_recorder.node","687080","True",
"dist_electron\win-unpacked\resources\app.asar.unpacked\node_modules\@picovoice\pvrecorder-node\lib\raspberry-pi\cortex-a53\pv_recorder.node","830856","True",
"dist_electron\win-unpacked\resources\app.asar.unpacked\node_modules\@picovoice\pvrecorder-node\lib\raspberry-pi\cortex-a53-aarch64\pv_recorder.node","886168","True",
"dist_electron\win-unpacked\resources\app.asar.unpacked\node_modules\@picovoice\pvrecorder-node\lib\raspberry-pi\cortex-a72\pv_recorder.node","790788","True",
"dist_electron\win-unpacked\resources\app.asar.unpacked\node_modules\@picovoice\pvrecorder-node\lib\raspberry-pi\cortex-a72-aarch64\pv_recorder.node","834920","True",
"dist_electron\win-unpacked\resources\app.asar.unpacked\node_modules\@picovoice\pvrecorder-node\lib\raspberry-pi\cortex-a76\pv_recorder.node","855500","True",
"dist_electron\win-unpacked\resources\app.asar.unpacked\node_modules\@picovoice\pvrecorder-node\lib\raspberry-pi\cortex-a76-aarch64\pv_recorder.node","819064","True",
"dist_electron\win-unpacked\resources\app.asar.unpacked\node_modules\@picovoice\pvrecorder-node\lib\windows\amd64\pv_recorder.node","981659","True",
"dist_electron\win-unpacked\resources\app.asar.unpacked\node_modules\@picovoice\pvrecorder-node\lib\windows\arm64\pv_recorder.node","705536","True",
"dist_electron\win-unpacked\resources\app.asar.unpacked\node_modules\@picovoice\pvrecorder-node\package.json","823","False","32"
"dist_electron\win-unpacked\resources\app.asar.unpacked\node_modules\@picovoice\pvrecorder-node\src\errors.ts","2228","False","50"
"dist_electron\win-unpacked\resources\app.asar.unpacked\node_modules\@picovoice\pvrecorder-node\src\index.ts","596","False","16"
"dist_electron\win-unpacked\resources\app.asar.unpacked\node_modules\@picovoice\pvrecorder-node\src\platforms.ts","6058","False","212"
"dist_electron\win-unpacked\resources\app.asar.unpacked\node_modules\@picovoice\pvrecorder-node\src\pv_recorder.ts","6010","False","188"
"dist_electron\win-unpacked\resources\app.asar.unpacked\node_modules\@picovoice\pvrecorder-node\src\pv_recorder_status_t.ts","763","False","26"
"dist_electron\win-unpacked\resources\app.asar.unpacked\node_modules\@picovoice\pvrecorder-node\tsconfig.json","483","False","21"
"dist_electron\win-unpacked\resources\app.asar.unpacked\node_modules\jszip\.codeclimate.yml","208","False","17"
"dist_electron\win-unpacked\resources\app.asar.unpacked\node_modules\jszip\.editorconfig","115","False","9"
"dist_electron\win-unpacked\resources\app.asar.unpacked\node_modules\jszip\.eslintrc.js","896","False","44"
"dist_electron\win-unpacked\resources\app.asar.unpacked\node_modules\jszip\.jekyll-metadata","24628","True",
"dist_electron\win-unpacked\resources\app.asar.unpacked\node_modules\jszip\CHANGES.md","12038","False","205"
"dist_electron\win-unpacked\resources\app.asar.unpacked\node_modules\jszip\deps.js","1356","False","38"
"dist_electron\win-unpacked\resources\app.asar.unpacked\node_modules\jszip\dist\jszip.js","374191","False","11577"
"dist_electron\win-unpacked\resources\app.asar.unpacked\node_modules\jszip\dist\jszip.min.js","97630","False","13"
"dist_electron\win-unpacked\resources\app.asar.unpacked\node_modules\jszip\graph.svg","45595","False","602"
"dist_electron\win-unpacked\resources\app.asar.unpacked\node_modules\jszip\lib\base64.js","3382","False","107"
"dist_electron\win-unpacked\resources\app.asar.unpacked\node_modules\jszip\lib\compressedObject.js","2890","False","75"
"dist_electron\win-unpacked\resources\app.asar.unpacked\node_modules\jszip\lib\compressions.js","350","False","15"
"dist_electron\win-unpacked\resources\app.asar.unpacked\node_modules\jszip\lib\crc32.js","1924","False","78"
"dist_electron\win-unpacked\resources\app.asar.unpacked\node_modules\jszip\lib\defaults.js","284","False","12"
"dist_electron\win-unpacked\resources\app.asar.unpacked\node_modules\jszip\lib\external.js","438","False","19"
"dist_electron\win-unpacked\resources\app.asar.unpacked\node_modules\jszip\lib\flate.js","2365","False","86"
"dist_electron\win-unpacked\resources\app.asar.unpacked\node_modules\jszip\lib\generate\index.js","2035","False","58"
"dist_electron\win-unpacked\resources\app.asar.unpacked\node_modules\jszip\lib\generate\ZipFileWorker.js","17954","False","540"
"dist_electron\win-unpacked\resources\app.asar.unpacked\node_modules\jszip\lib\index.js","1540","False","56"
"dist_electron\win-unpacked\resources\app.asar.unpacked\node_modules\jszip\lib\license_header.js","388","False","12"
"dist_electron\win-unpacked\resources\app.asar.unpacked\node_modules\jszip\lib\load.js","3196","False","89"
"dist_electron\win-unpacked\resources\app.asar.unpacked\node_modules\jszip\lib\nodejs\NodejsStreamInputAdapter.js","1933","False","75"
"dist_electron\win-unpacked\resources\app.asar.unpacked\node_modules\jszip\lib\nodejs\NodejsStreamOutputAdapter.js","1075","False","43"
"dist_electron\win-unpacked\resources\app.asar.unpacked\node_modules\jszip\lib\nodejsUtils.js","1886","False","58"
"dist_electron\win-unpacked\resources\app.asar.unpacked\node_modules\jszip\lib\object.js","12440","False","385"
"dist_electron\win-unpacked\resources\app.asar.unpacked\node_modules\jszip\lib\readable-stream-browser.js","441","False","11"
"dist_electron\win-unpacked\resources\app.asar.unpacked\node_modules\jszip\lib\reader\ArrayReader.js","1587","False","58"
"dist_electron\win-unpacked\resources\app.asar.unpacked\node_modules\jszip\lib\reader\DataReader.js","3709","False","117"
"dist_electron\win-unpacked\resources\app.asar.unpacked\node_modules\jszip\lib\reader\NodeBufferReader.js","519","False","20"
"dist_electron\win-unpacked\resources\app.asar.unpacked\node_modules\jszip\lib\reader\readerFor.js","904","False","29"
"dist_electron\win-unpacked\resources\app.asar.unpacked\node_modules\jszip\lib\reader\StringReader.js","1020","False","39"
"dist_electron\win-unpacked\resources\app.asar.unpacked\node_modules\jszip\lib\reader\Uint8ArrayReader.js","652","False","23"
"dist_electron\win-unpacked\resources\app.asar.unpacked\node_modules\jszip\lib\signature.js","294","False","8"
"dist_electron\win-unpacked\resources\app.asar.unpacked\node_modules\jszip\lib\stream\ConvertWorker.js","648","False","27"
"dist_electron\win-unpacked\resources\app.asar.unpacked\node_modules\jszip\lib\stream\Crc32Probe.js","599","False","25"
"dist_electron\win-unpacked\resources\app.asar.unpacked\node_modules\jszip\lib\stream\DataLengthProbe.js","829","False","30"
"dist_electron\win-unpacked\resources\app.asar.unpacked\node_modules\jszip\lib\stream\DataWorker.js","2748","False","117"
"dist_electron\win-unpacked\resources\app.asar.unpacked\node_modules\jszip\lib\stream\GenericWorker.js","8206","False","264"
"dist_electron\win-unpacked\resources\app.asar.unpacked\node_modules\jszip\lib\stream\StreamHelper.js","6877","False","215"
"dist_electron\win-unpacked\resources\app.asar.unpacked\node_modules\jszip\lib\support.js","1089","False","39"
"dist_electron\win-unpacked\resources\app.asar.unpacked\node_modules\jszip\lib\utf8.js","8102","False","276"
"dist_electron\win-unpacked\resources\app.asar.unpacked\node_modules\jszip\lib\utils.js","16552","False","502"
"dist_electron\win-unpacked\resources\app.asar.unpacked\node_modules\jszip\lib\zipEntries.js","11867","False","262"
"dist_electron\win-unpacked\resources\app.asar.unpacked\node_modules\jszip\lib\zipEntry.js","11314","False","294"
"dist_electron\win-unpacked\resources\app.asar.unpacked\node_modules\jszip\lib\zipObject.js","4528","False","134"
"dist_electron\win-unpacked\resources\app.asar.unpacked\node_modules\jszip\LICENSE.markdown","33753","False","652"
"dist_electron\win-unpacked\resources\app.asar.unpacked\node_modules\jszip\package.json","1054","False","39"
"dist_electron\win-unpacked\resources\app.asar.unpacked\node_modules\jszip\README.markdown","678","False","34"
"dist_electron\win-unpacked\resources\app.asar.unpacked\node_modules\jszip\sponsors.md","704","False","22"
"dist_electron\win-unpacked\resources\app.asar.unpacked\node_modules\jszip\tsconfig.json","11000","False","102"
"dist_electron\win-unpacked\resources\app.asar.unpacked\node_modules\jszip\vendor\FileSaver.js","7745","False","248"
"dist_electron\win-unpacked\resources\app-update.yml","118","False","4"
"dist_electron\win-unpacked\resources\audio\access_granted.wav","37594","True",
"dist_electron\win-unpacked\resources\audio\action.wav","88908","True",
"dist_electron\win-unpacked\resources\audio\alert.wav","1588748","True",
"dist_electron\win-unpacked\resources\audio\apperance_loading.wav","152972","True",
"dist_electron\win-unpacked\resources\audio\button.wav","37608","True",
"dist_electron\win-unpacked\resources\audio\hover.wav","44116","True",
"dist_electron\win-unpacked\resources\audio\hover_button.wav","31244","True",
"dist_electron\win-unpacked\resources\audio\initialize.wav","223498","True",
"dist_electron\win-unpacked\resources\audio\loading.wav","356276","True",
"dist_electron\win-unpacked\resources\audio\mic.wav","140200","True",
"dist_electron\win-unpacked\resources\audio\trading.wav","197876","True",
"dist_electron\win-unpacked\resources\audio\websearch.wav","325704","True",
"dist_electron\win-unpacked\resources\elevate.exe","107520","True",
"dist_electron\win-unpacked\resources\public\audio\access_granted.wav","37594","True",
"dist_electron\win-unpacked\resources\public\audio\action.wav","88908","True",
"dist_electron\win-unpacked\resources\public\audio\alert.wav","1588748","True",
"dist_electron\win-unpacked\resources\public\audio\apperance_loading.wav","152972","True",
"dist_electron\win-unpacked\resources\public\audio\button.wav","37608","True",
"dist_electron\win-unpacked\resources\public\audio\hover.wav","44116","True",
"dist_electron\win-unpacked\resources\public\audio\hover_button.wav","31244","True",
"dist_electron\win-unpacked\resources\public\audio\initialize.wav","223498","True",
"dist_electron\win-unpacked\resources\public\audio\loading.wav","356276","True",
"dist_electron\win-unpacked\resources\public\audio\logo.ico","4286","True",
"dist_electron\win-unpacked\resources\public\audio\mic.wav","140200","True",
"dist_electron\win-unpacked\resources\public\audio\trading.wav","197876","True",
"dist_electron\win-unpacked\resources\public\audio\websearch.wav","325704","True",
"dist_electron\win-unpacked\resources\public\audio-processor-worklet.js","1256","False","39"
"dist_electron\win-unpacked\resources\public\logo.png","57012","True",
"dist_electron\win-unpacked\resources\stt_test.py","1189","False","37"
"dist_electron\win-unpacked\resources\wake_word_bg.py","2259","False","60"
"dist_electron\win-unpacked\snapshot_blob.bin","320614","True",
"dist_electron\win-unpacked\Theta AI.exe","190573568","True",
"dist_electron\win-unpacked\v8_context_snapshot.bin","693457","True",
"dist_electron\win-unpacked\vk_swiftshader.dll","5506560","True",
"dist_electron\win-unpacked\vk_swiftshader_icd.json","106","False","1"
"dist_electron\win-unpacked\vulkan-1.dll","897536","True",
"document_D4.txt","24","False","1"
"Documents\1","109820","True",
"electron\main.js","34902","False","1034"
"electron\preload.js","707","False","16"
"electron-builder.json.bak","790","False","36"
"electron-builder.yml","898","False","44"
"file_G7.txt","18","False","1"
"index.html","790","False","23"
"junk_E5.tmp","13","False","1"
"main.py","0","False","1"
"package.json","1650","False","57"
"package-lock.json","360164","False","10094"
"postcss.config.js","88","False","7"
"public\audio\access_granted.wav","37594","True",
"public\audio\action.wav","88908","True",
"public\audio\alert.wav","1588748","True",
"public\audio\apperance_loading.wav","152972","True",
"public\audio\button.wav","37608","True",
"public\audio\hover.wav","44116","True",
"public\audio\hover_button.wav","31244","True",
"public\audio\initialize.wav","223498","True",
"public\audio\loading.wav","356276","True",
"public\audio\logo.ico","4286","True",
"public\audio\mic.wav","140200","True",
"public\audio\trading.wav","197876","True",
"public\audio\websearch.wav","325704","True",
"public\audio-processor-worklet.js","1256","False","39"
"public\logo.png","57012","True",
"random_junk_1.txt","33","False","1"
"README.md","1175","False","43"
"report_F6.log","19","False","1"
"src\App.tsx","33006","False","898"
"src\App_fix_destructure.txt","276","False","6"
"src\components\DotGlobe.tsx","8436","False","213"
"src\components\layout\MainLayout.tsx","1894","False","50"
"src\components\LogTerminal.tsx","5924","False","101"
"src\components\modals\ContactsModal.tsx","8773","False","175"
"src\components\modals\DashboardSettingsModal.tsx","4526","False","83"
"src\components\modals\HistoryModal.tsx","7393","False","126"
"src\components\modals\MemoryModal.tsx","6944","False","132"
"src\components\modals\SecretKeyModal.tsx","5631","False","119"
"src\components\modals\SettingsModal.tsx","8351","False","159"
"src\components\modals\UserProfileModal.tsx","5482","False","100"
"src\components\modules\AIGlobePortal.tsx","3569","False","71"
"src\components\modules\FolderExplorer.tsx","4679","False","96"
"src\components\modules\LoadingScreen.tsx","6242","False","154"
"src\components\modules\NotesSection.tsx","10295","False","205"
"src\components\modules\SidebarLeft.tsx","5780","False","122"
"src\components\modules\SidebarRight.tsx","22178","False","326"
"src\components\modules\SystemConnections.tsx","4008","False","73"
"src\components\modules\SystemControls.tsx","5477","False","110"
"src\components\modules\TasksSection.tsx","9318","False","197"
"src\components\modules\UpdateNotification.tsx","12360","False","260"
"src\components\modules\VisualHub.tsx","15324","False","275"
"src\components\modules\YouTubePlayer.tsx","4961","False","93"
"src\components\ParticleSphere.tsx","3328","False","120"
"src\components\TodayHeadlines.tsx","4327","False","100"
"src\components\Transcript.tsx","2702","False","76"
"src\components\ui\HolographicCard.tsx","2074","False","59"
"src\components\ui\NeonButton.tsx","2081","False","50"
"src\components\voice\AICore.tsx","2702","False","60"
"src\components\voice\TranscriptTerminal.tsx","3343","False","71"
"src\components\VoiceOrb.tsx","4407","False","127"
"src\config\gemini-config.ts","18961","False","439"
"src\hooks\useAudio.ts","632","False","24"
"src\hooks\useGeminiLive.ts","24956","False","636"
"src\hooks\useZoom.ts","2304","False","67"
"src\index.css","4583","False","223"
"src\lib\audio-helpers.ts","1378","False","51"
"src\lib\audio-player.ts","3821","False","140"
"src\lib\audio-utils.ts","2749","False","94"
"src\lib\dashboard.ts","2175","False","72"
"src\lib\gemini-tool-runner.ts","22895","False","636"
"src\lib\genai.ts","2561","False","70"
"src\main.tsx","208","False","9"
"src\types.ts","386","False","22"
"src\types\gemini-live.ts","861","False","27"
"src\vite-env.d.ts","212","False","11"
"stt_test.py","1189","False","37"
"supabase\.temp\cli-latest","7","False","1"
"supabase\config.toml","14640","False","396"
"supabase\functions\openai-proxy\.npmrc","221","False","4"
"supabase\functions\openai-proxy\deno.json","20","False","4"
"supabase\functions\openai-proxy\index.ts","1865","False","59"
"system_log_23A.log","20","False","1"
"tailwind.config.js","3566","False","101"
"temp_data_B.tmp","20","False","1"
"test_simple.py","34","True",
"test_simple.spec","708","False","39"
"tsconfig.json","648","False","26"
"tsconfig.node.json","193","False","10"
"vite.config.ts","444","False","20"
"wake_word_bg.py","2259","False","60"
